Run,niche_category,soil
ERR131834,rhizosphere,Clayton
ERR131835,rhizosphere,Clayton
ERR131836,rhizosphere,Clayton
ERR131837,rhizosphere,Clayton
ERR131838,rhizosphere,Clayton
ERR131839,rhizosphere,Clayton
ERR131840,rhizosphere,Clayton
ERR131841,rhizosphere,Clayton
ERR131842,rhizosphere,Clayton
ERR131843,rhizosphere,Mason Farm
ERR131844,rhizosphere,Clayton
ERR131845,rhizosphere,Clayton
ERR131846,rhizosphere,Clayton
ERR131847,rhizosphere,Clayton
ERR131848,rhizosphere,Clayton
ERR131849,rhizosphere,Clayton
ERR131850,rhizosphere,Clayton
ERR131851,rhizosphere,Clayton
ERR131852,rhizosphere,Clayton
ERR131853,rhizosphere,Mason Farm
ERR131854,rhizosphere,Clayton
ERR131855,rhizosphere,Clayton
ERR131856,rhizosphere,Clayton
ERR131857,rhizosphere,Clayton
ERR131858,rhizosphere,Clayton
ERR131859,rhizosphere,Clayton
ERR131860,rhizosphere,Clayton
ERR131861,rhizosphere,Clayton
ERR131862,rhizosphere,Clayton
ERR131863,rhizosphere,Mason Farm
ERR131864,rhizosphere,Clayton
ERR131865,rhizosphere,Clayton
ERR131866,rhizosphere,Clayton
ERR131867,rhizosphere,Clayton
ERR131868,rhizosphere,Clayton
ERR131869,rhizosphere,Clayton
ERR131870,rhizosphere,Clayton
ERR131871,rhizosphere,Clayton
ERR131872,rhizosphere,Clayton
ERR131873,rhizosphere,Clayton
ERR131874,rhizosphere,Mason Farm
ERR131875,rhizosphere,Clayton
ERR131876,rhizosphere,Clayton
ERR131877,rhizosphere,Clayton
ERR131878,rhizosphere,Clayton
ERR131879,rhizosphere,Clayton
ERR131880,rhizosphere,Clayton
ERR131881,rhizosphere,Mason Farm
ERR131882,rhizosphere,Clayton
ERR131883,rhizosphere,Clayton
ERR131884,rhizosphere,Clayton
ERR131885,rhizosphere,Clayton
ERR131886,rhizosphere,Clayton
ERR131887,rhizosphere,Clayton
ERR131888,rhizosphere,Clayton
ERR131889,rhizosphere,Clayton
ERR131890,rhizosphere,Clayton
ERR131891,rhizosphere,Mason Farm
ERR131892,rhizosphere,Clayton
ERR131893,rhizosphere,Clayton
ERR131894,rhizosphere,Clayton
ERR131895,rhizosphere,Clayton
ERR131896,rhizosphere,Clayton
ERR131897,rhizosphere,Clayton
ERR131898,rhizosphere,Clayton
ERR131899,rhizosphere,Clayton
ERR131900,rhizosphere,Clayton
ERR131901,rhizosphere,Clayton
ERR131902,rhizosphere,Clayton
ERR131903,rhizosphere,Clayton
ERR131904,rhizosphere,Clayton
ERR131905,rhizosphere,Clayton
ERR131906,rhizosphere,Clayton
ERR131910,rhizosphere,Mason Farm
ERR131916,rhizosphere,Clayton
ERR131917,rhizosphere,Clayton
ERR131918,rhizosphere,Mason Farm
ERR131920,rhizosphere,Clayton
ERR131921,rhizosphere,Clayton
ERR131922,rhizosphere,Clayton
ERR131923,rhizosphere,Clayton
ERR131924,rhizosphere,Clayton
ERR131925,rhizosphere,Clayton
ERR131926,rhizosphere,Clayton
ERR131927,rhizosphere,Clayton
ERR131928,rhizosphere,Clayton
ERR131929,rhizosphere,Clayton
ERR131930,rhizosphere,Mason Farm
ERR131931,rhizosphere,Clayton
ERR131932,rhizosphere,Clayton
ERR131933,rhizosphere,Clayton
ERR131934,rhizosphere,Clayton
ERR131935,rhizosphere,Clayton
ERR131936,rhizosphere,Clayton
ERR131937,rhizosphere,Clayton
ERR131938,rhizosphere,Clayton
ERR131939,rhizosphere,Clayton
ERR131940,rhizosphere,Clayton
ERR131941,rhizosphere,Mason Farm
ERR131942,rhizosphere,Clayton
ERR131943,rhizosphere,Clayton
ERR131944,rhizosphere,Clayton
ERR131945,rhizosphere,Clayton
ERR131946,rhizosphere,Clayton
ERR131959,rhizosphere,Mason Farm
ERR131970,rhizosphere,Mason Farm
ERR131990,rhizosphere,Mason Farm
ERR132005,rhizosphere,Mason Farm
ERR132016,rhizosphere,Mason Farm
ERR132033,rhizosphere,Mason Farm
ERR132041,rhizosphere,Mason Farm
ERR132050,rhizosphere,Mason Farm
ERR132060,rhizosphere,Mason Farm
ERR132080,rhizosphere,Mason Farm
ERR132086,rhizosphere,Mason Farm
ERR132105,rhizosphere,Mason Farm
ERR132113,rhizosphere,Mason Farm
ERR132120,rhizosphere,Mason Farm
ERR132131,rhizosphere,Mason Farm
ERR132140,rhizosphere,Mason Farm
ERR132151,rhizosphere,Mason Farm
ERR132160,rhizosphere,Mason Farm
ERR132166,rhizosphere,Mason Farm
ERR132167,rhizosphere,Mason Farm
ERR132168,rhizosphere,Mason Farm
ERR132169,rhizosphere,Mason Farm
ERR132170,rhizosphere,Mason Farm
ERR132171,rhizosphere,Mason Farm
ERR132172,rhizosphere,Mason Farm
ERR132173,rhizosphere,Mason Farm
ERR132174,rhizosphere,Mason Farm
ERR132175,rhizosphere,Mason Farm
ERR132176,rhizosphere,Mason Farm
ERR132177,rhizosphere,Mason Farm
ERR132178,rhizosphere,Mason Farm
ERR132179,rhizosphere,Mason Farm
ERR132180,rhizosphere,Mason Farm
ERR132181,rhizosphere,Mason Farm
ERR132182,rhizosphere,Mason Farm
ERR132183,rhizosphere,Mason Farm
ERR132184,rhizosphere,Mason Farm
ERR132185,rhizosphere,Mason Farm
ERR132186,rhizosphere,Mason Farm
ERR132187,rhizosphere,Mason Farm
ERR132188,rhizosphere,Mason Farm
ERR132189,rhizosphere,Mason Farm
ERR132190,rhizosphere,Mason Farm
ERR132192,rhizosphere,Mason Farm
ERR132193,rhizosphere,Mason Farm
ERR132194,rhizosphere,Mason Farm
ERR132195,rhizosphere,Mason Farm
ERR132196,rhizosphere,Mason Farm
ERR132197,rhizosphere,Mason Farm
ERR132198,rhizosphere,Mason Farm
ERR132199,rhizosphere,Mason Farm
ERR132200,rhizosphere,Mason Farm
ERR132202,rhizosphere,Mason Farm
ERR132203,rhizosphere,Mason Farm
ERR132204,rhizosphere,Mason Farm
ERR132205,rhizosphere,Mason Farm
ERR132206,rhizosphere,Mason Farm
ERR132207,rhizosphere,Mason Farm
ERR132208,rhizosphere,Mason Farm
ERR132209,rhizosphere,Mason Farm
ERR132210,rhizosphere,Mason Farm
ERR132211,rhizosphere,Mason Farm
ERR132213,rhizosphere,Mason Farm
ERR132214,rhizosphere,Mason Farm
ERR132215,rhizosphere,Mason Farm
ERR132216,rhizosphere,Mason Farm
ERR132217,rhizosphere,Mason Farm
ERR132218,rhizosphere,Mason Farm
ERR132219,rhizosphere,Mason Farm
ERR132220,rhizosphere,Mason Farm
ERR132221,rhizosphere,Mason Farm
ERR132222,rhizosphere,Mason Farm
ERR132224,rhizosphere,Mason Farm
ERR132225,rhizosphere,Mason Farm
ERR132226,rhizosphere,Mason Farm
ERR132227,rhizosphere,Mason Farm
ERR132228,rhizosphere,Mason Farm
ERR132229,rhizosphere,Mason Farm
ERR132230,rhizosphere,Mason Farm
ERR132231,rhizosphere,Mason Farm
ERR132232,rhizosphere,Mason Farm
ERR132233,rhizosphere,Mason Farm
ERR132235,rhizosphere,Mason Farm
ERR132236,rhizosphere,Mason Farm
ERR132237,rhizosphere,Mason Farm
ERR132238,rhizosphere,Mason Farm
ERR132239,rhizosphere,Mason Farm
ERR132240,rhizosphere,Mason Farm
ERR132241,rhizosphere,Mason Farm
ERR132242,rhizosphere,Mason Farm
ERR132243,rhizosphere,Mason Farm
ERR132244,rhizosphere,Mason Farm
ERR132245,rhizosphere,Mason Farm
ERR132246,rhizosphere,Mason Farm
ERR132247,rhizosphere,Mason Farm
ERR132259,rhizosphere,Mason Farm
ERR132260,rhizosphere,Mason Farm
ERR132261,rhizosphere,Mason Farm
ERR132262,rhizosphere,Mason Farm
ERR132263,rhizosphere,Mason Farm
ERR132264,rhizosphere,Mason Farm
ERR132266,rhizosphere,Mason Farm
ERR132267,rhizosphere,Mason Farm
ERR132268,rhizosphere,Mason Farm
ERR132269,rhizosphere,Mason Farm
ERR132270,rhizosphere,Mason Farm
ERR132271,rhizosphere,Mason Farm
ERR132272,rhizosphere,Mason Farm
ERR132273,rhizosphere,Mason Farm
ERR132274,rhizosphere,Mason Farm
ERR132275,rhizosphere,Mason Farm
ERR132277,rhizosphere,Mason Farm
ERR132278,rhizosphere,Mason Farm
ERR132279,rhizosphere,Mason Farm
ERR132280,rhizosphere,Mason Farm
ERR132281,rhizosphere,Mason Farm
ERR132282,rhizosphere,Mason Farm
ERR132283,rhizosphere,Mason Farm
ERR132284,rhizosphere,Mason Farm
ERR132285,rhizosphere,Mason Farm
ERR132286,rhizosphere,Mason Farm
ERR132288,rhizosphere,Mason Farm
ERR132289,rhizosphere,Mason Farm
ERR132290,rhizosphere,Mason Farm
ERR132291,rhizosphere,Mason Farm
ERR132292,rhizosphere,Mason Farm
ERR132293,rhizosphere,Mason Farm
ERR132294,rhizosphere,Mason Farm
ERR132295,rhizosphere,Mason Farm
ERR132297,rhizosphere,Mason Farm
ERR132298,rhizosphere,Mason Farm
ERR132299,rhizosphere,Mason Farm
ERR132300,rhizosphere,Mason Farm
ERR132301,rhizosphere,Mason Farm
ERR132302,rhizosphere,Mason Farm
ERR132303,rhizosphere,Mason Farm
ERR132304,rhizosphere,Mason Farm
ERR132305,rhizosphere,Mason Farm
ERR132306,rhizosphere,Mason Farm
ERR132307,rhizosphere,Mason Farm
ERR132309,rhizosphere,Mason Farm
ERR132310,rhizosphere,Mason Farm
ERR132311,rhizosphere,Mason Farm
ERR132312,rhizosphere,Mason Farm
ERR132313,rhizosphere,Mason Farm
ERR132314,rhizosphere,Mason Farm
ERR132315,rhizosphere,Mason Farm
ERR132316,rhizosphere,Mason Farm
ERR132317,rhizosphere,Mason Farm
ERR132318,rhizosphere,Mason Farm
ERR132320,rhizosphere,Mason Farm
ERR132321,rhizosphere,Mason Farm
ERR132322,rhizosphere,Mason Farm
ERR132323,rhizosphere,Mason Farm
ERR132324,rhizosphere,Mason Farm
ERR132325,rhizosphere,Mason Farm
ERR132326,rhizosphere,Mason Farm
ERR132327,rhizosphere,Mason Farm
ERR132328,rhizosphere,Mason Farm
ERR132329,rhizosphere,Mason Farm
ERR132331,rhizosphere,Mason Farm
ERR132332,rhizosphere,Mason Farm
ERR132333,rhizosphere,Mason Farm
ERR132334,rhizosphere,Mason Farm
ERR132346,rhizosphere,Mason Farm
ERR132347,rhizosphere,Mason Farm
ERR132348,rhizosphere,Mason Farm
ERR132349,rhizosphere,Mason Farm
ERR132351,rhizosphere,Mason Farm
ERR132352,rhizosphere,Mason Farm
ERR132353,rhizosphere,Mason Farm
ERR132354,rhizosphere,Mason Farm
ERR132355,rhizosphere,Mason Farm
ERR132373,rhizosphere,Mason Farm
ERR132374,rhizosphere,Mason Farm
ERR132375,rhizosphere,Mason Farm
ERR132376,rhizosphere,Mason Farm
ERR132377,rhizosphere,Mason Farm
ERR132378,rhizosphere,Mason Farm
ERR132379,rhizosphere,Mason Farm
ERR132380,rhizosphere,Mason Farm
ERR132402,rhizosphere,Mason Farm
ERR132403,rhizosphere,Mason Farm
ERR132404,rhizosphere,Mason Farm
ERR132405,rhizosphere,Mason Farm
ERR132406,rhizosphere,Mason Farm
ERR132407,rhizosphere,Mason Farm
ERR132443,rhizosphere,Mason Farm
ERR132462,rhizosphere,Clayton
ERR132516,rhizosphere,Mason Farm
ERR132517,rhizosphere,Mason Farm
ERR132518,rhizosphere,Mason Farm
ERR132519,rhizosphere,Mason Farm
ERR132521,rhizosphere,Mason Farm
ERR133100,rhizosphere,Mason Farm
ERR133101,rhizosphere,Mason Farm
ERR133102,rhizosphere,Mason Farm
ERR133103,rhizosphere,Mason Farm
ERR133104,rhizosphere,Mason Farm
ERR133105,rhizosphere,Mason Farm
ERR133106,rhizosphere,Mason Farm
ERR133107,rhizosphere,Mason Farm
ERR133108,rhizosphere,Mason Farm
ERR133109,rhizosphere,Mason Farm
ERR133110,rhizosphere,Mason Farm
ERR133111,rhizosphere,Mason Farm
ERR133112,rhizosphere,Mason Farm
ERR133113,rhizosphere,Mason Farm
ERR133114,rhizosphere,Mason Farm
ERR133115,rhizosphere,Mason Farm
ERR133116,rhizosphere,Mason Farm
ERR133117,rhizosphere,Mason Farm
ERR133118,rhizosphere,Mason Farm
ERR133119,rhizosphere,Mason Farm
ERR133120,rhizosphere,Mason Farm
ERR133121,rhizosphere,Mason Farm
ERR133122,rhizosphere,Mason Farm
ERR133123,rhizosphere,Mason Farm
ERR133124,rhizosphere,Mason Farm
ERR133125,rhizosphere,Mason Farm
ERR133127,rhizosphere,Mason Farm
ERR133128,rhizosphere,Mason Farm
ERR133129,rhizosphere,Mason Farm
ERR133130,rhizosphere,Mason Farm
ERR133131,rhizosphere,Mason Farm
ERR133132,rhizosphere,Mason Farm
ERR133133,rhizosphere,Mason Farm
ERR133134,rhizosphere,Mason Farm
ERR133147,rhizosphere,Mason Farm
ERR133148,rhizosphere,Mason Farm
ERR133149,rhizosphere,Mason Farm
ERR133150,rhizosphere,Mason Farm
ERR133151,rhizosphere,Mason Farm
ERR133152,rhizosphere,Mason Farm
ERR133153,rhizosphere,Mason Farm
ERR133154,rhizosphere,Mason Farm
ERR133155,rhizosphere,Mason Farm
ERR133156,rhizosphere,Mason Farm
ERR133157,rhizosphere,Mason Farm
ERR133158,rhizosphere,Mason Farm
ERR133159,rhizosphere,Mason Farm
ERR133160,rhizosphere,Mason Farm
ERR133161,rhizosphere,Mason Farm
ERR133162,rhizosphere,Mason Farm
ERR133163,rhizosphere,Mason Farm
ERR133164,rhizosphere,Mason Farm
ERR133165,rhizosphere,Mason Farm
ERR133166,rhizosphere,Mason Farm
ERR133167,rhizosphere,Mason Farm
ERR133168,rhizosphere,Mason Farm
ERR133169,rhizosphere,Mason Farm
ERR133170,rhizosphere,Mason Farm
ERR133171,rhizosphere,Mason Farm
ERR133172,rhizosphere,Mason Farm
ERR133173,rhizosphere,Mason Farm
ERR133174,rhizosphere,Mason Farm
ERR133175,rhizosphere,Mason Farm
ERR133178,rhizosphere,Mason Farm
ERR133179,rhizosphere,Mason Farm
ERR133180,rhizosphere,Mason Farm
ERR133181,rhizosphere,Mason Farm
ERR133182,rhizosphere,Mason Farm
ERR133183,rhizosphere,Mason Farm
ERR133184,rhizosphere,Mason Farm
ERR133185,rhizosphere,Mason Farm
ERR133186,rhizosphere,Mason Farm
ERR133187,rhizosphere,Mason Farm
ERR133189,rhizosphere,Mason Farm
ERR133190,rhizosphere,Mason Farm
ERR133191,rhizosphere,Mason Farm
ERR133192,rhizosphere,Mason Farm
ERR133193,rhizosphere,Mason Farm
ERR133194,rhizosphere,Mason Farm
ERR133195,rhizosphere,Mason Farm
ERR133196,rhizosphere,Mason Farm
ERR133197,rhizosphere,Mason Farm
ERR133199,rhizosphere,Mason Farm
ERR133200,rhizosphere,Mason Farm
ERR133201,rhizosphere,Mason Farm
ERR133202,rhizosphere,Mason Farm
ERR133203,rhizosphere,Mason Farm
ERR133204,rhizosphere,Mason Farm
ERR133205,rhizosphere,Mason Farm
ERR133206,rhizosphere,Mason Farm
ERR133207,rhizosphere,Mason Farm
ERR133208,rhizosphere,Mason Farm
ERR133209,rhizosphere,Mason Farm
ERR133210,rhizosphere,Mason Farm
ERR133211,rhizosphere,Mason Farm
ERR133212,rhizosphere,Mason Farm
ERR133213,rhizosphere,Mason Farm
ERR133214,rhizosphere,Mason Farm
ERR133215,rhizosphere,Mason Farm
ERR133216,rhizosphere,Mason Farm
ERR133217,rhizosphere,Mason Farm
ERR133218,rhizosphere,Mason Farm
ERR133219,rhizosphere,Mason Farm
ERR133220,rhizosphere,Mason Farm
ERR133221,rhizosphere,Mason Farm
ERR133222,rhizosphere,Mason Farm
ERR133223,rhizosphere,Mason Farm
ERR133224,rhizosphere,Clayton
ERR133225,rhizosphere,Clayton
ERR133226,rhizosphere,Clayton
ERR133227,rhizosphere,Clayton
ERR133228,rhizosphere,Clayton
ERR133230,rhizosphere,Clayton
ERR133231,rhizosphere,Clayton
ERR133232,rhizosphere,Clayton
ERR133233,rhizosphere,Clayton
ERR133234,rhizosphere,Clayton
ERR133235,rhizosphere,Clayton
ERR133236,rhizosphere,Clayton
ERR133237,rhizosphere,Clayton
ERR133238,rhizosphere,Clayton
ERR133239,rhizosphere,Clayton
ERR133241,rhizosphere,Clayton
ERR133242,rhizosphere,Clayton
ERR133243,rhizosphere,Clayton
ERR133244,rhizosphere,Clayton
ERR133245,rhizosphere,Clayton
ERR133246,rhizosphere,Clayton
ERR133247,rhizosphere,Clayton
ERR133248,rhizosphere,Clayton
ERR133249,rhizosphere,Clayton
ERR133250,rhizosphere,Clayton
ERR133251,rhizosphere,Mason Farm
ERR133252,rhizosphere,Clayton
ERR133253,rhizosphere,Clayton
ERR133254,rhizosphere,Clayton
ERR133255,rhizosphere,Clayton
ERR133256,rhizosphere,Clayton
ERR133257,rhizosphere,Clayton
ERR133258,rhizosphere,Clayton
ERR133259,rhizosphere,Clayton
ERR133260,rhizosphere,Clayton
ERR133261,rhizosphere,Clayton
ERR133262,rhizosphere,Mason Farm
ERR133273,rhizosphere,Mason Farm
ERR133274,rhizosphere,Clayton
ERR133275,rhizosphere,Clayton
ERR133276,rhizosphere,Clayton
ERR133277,rhizosphere,Clayton
ERR133278,rhizosphere,Clayton
ERR133279,rhizosphere,Clayton
ERR133280,rhizosphere,Clayton
ERR133281,rhizosphere,Clayton
ERR133282,rhizosphere,Mason Farm
ERR133283,rhizosphere,Clayton
ERR133284,rhizosphere,Clayton
ERR133285,rhizosphere,Clayton
ERR133286,rhizosphere,Clayton
ERR133287,rhizosphere,Clayton
ERR133288,rhizosphere,Clayton
ERR133289,rhizosphere,Clayton
ERR133290,rhizosphere,Clayton
ERR133291,rhizosphere,Clayton
ERR133292,rhizosphere,Clayton
ERR133293,rhizosphere,Clayton
ERR133294,rhizosphere,Mason Farm
ERR133295,rhizosphere,Clayton
ERR133296,rhizosphere,Clayton
ERR133297,rhizosphere,Clayton
ERR133298,rhizosphere,Clayton
ERR133299,rhizosphere,Clayton
ERR133300,rhizosphere,Clayton
ERR133301,rhizosphere,Clayton
ERR133302,rhizosphere,Clayton
ERR133303,rhizosphere,Clayton
ERR133304,rhizosphere,Clayton
ERR133305,rhizosphere,Mason Farm
ERR133306,rhizosphere,Clayton
ERR133307,rhizosphere,Clayton
ERR133308,rhizosphere,Clayton
ERR133309,rhizosphere,Clayton
ERR133310,rhizosphere,Clayton
ERR133311,rhizosphere,Clayton
ERR133312,rhizosphere,Clayton
ERR133313,rhizosphere,Clayton
ERR133314,rhizosphere,Clayton
ERR133315,rhizosphere,Clayton
ERR133316,rhizosphere,Mason Farm
ERR133317,rhizosphere,Clayton
ERR133318,rhizosphere,Clayton
ERR133319,rhizosphere,Clayton
ERR133320,rhizosphere,Clayton
ERR133321,rhizosphere,Clayton
ERR133322,rhizosphere,Clayton
ERR133323,rhizosphere,Clayton
ERR133324,rhizosphere,Clayton
ERR133325,rhizosphere,Clayton
ERR133326,rhizosphere,Mason Farm
ERR133327,rhizosphere,Clayton
ERR133328,rhizosphere,Clayton
ERR133329,rhizosphere,Clayton
ERR133330,rhizosphere,Clayton
ERR133331,rhizosphere,Clayton
ERR133332,rhizosphere,Clayton
ERR133333,rhizosphere,Clayton
ERR133334,rhizosphere,Clayton
ERR133335,rhizosphere,Clayton
ERR133336,rhizosphere,Clayton
ERR133337,rhizosphere,Mason Farm
ERR133338,rhizosphere,Clayton
ERR133339,rhizosphere,Clayton
ERR133340,rhizosphere,Clayton
ERR133341,rhizosphere,Clayton
ERR133342,rhizosphere,Clayton
ERR133343,rhizosphere,Clayton
ERR133344,rhizosphere,Clayton
ERR133345,rhizosphere,Clayton
ERR133346,rhizosphere,Clayton
ERR133347,rhizosphere,Clayton
ERR133348,rhizosphere,Clayton
ERR133349,rhizosphere,Clayton
ERR133350,rhizosphere,Clayton
ERR133351,rhizosphere,Clayton
ERR133352,rhizosphere,Clayton
ERR133353,rhizosphere,Clayton
ERR133354,rhizosphere,Clayton
ERR133355,rhizosphere,Clayton
ERR133356,rhizosphere,Clayton
ERR133357,rhizosphere,Clayton
ERR133369,rhizosphere,Clayton
ERR133370,rhizosphere,Clayton
ERR133371,rhizosphere,Clayton
ERR133372,rhizosphere,Clayton
ERR133373,rhizosphere,Clayton
ERR133374,rhizosphere,Clayton
ERR133375,rhizosphere,Clayton
ERR133376,rhizosphere,Clayton
ERR133377,rhizosphere,Clayton
ERR133378,rhizosphere,Clayton
ERR133379,rhizosphere,Clayton
ERR133380,rhizosphere,Clayton
ERR133381,rhizosphere,Clayton
ERR133382,rhizosphere,Clayton
ERR133383,rhizosphere,Clayton
ERR133384,rhizosphere,Clayton
ERR133385,rhizosphere,Clayton
ERR133386,rhizosphere,Clayton
ERR133387,rhizosphere,Clayton
ERR133388,rhizosphere,Clayton
ERR133389,rhizosphere,Clayton
ERR133391,rhizosphere,Clayton
ERR133392,rhizosphere,Clayton
ERR133393,rhizosphere,Clayton
ERR133394,rhizosphere,Clayton
ERR133395,rhizosphere,Clayton
ERR133396,rhizosphere,Clayton
ERR133397,rhizosphere,Clayton
ERR133398,rhizosphere,Clayton
ERR133399,rhizosphere,Clayton
ERR133400,rhizosphere,Clayton
ERR133401,rhizosphere,Clayton
ERR133403,rhizosphere,Clayton
ERR133404,rhizosphere,Clayton
ERR133405,rhizosphere,Clayton
ERR133406,rhizosphere,Clayton
ERR133407,rhizosphere,Clayton
ERR133408,rhizosphere,Clayton
ERR133409,rhizosphere,Clayton
ERR133410,rhizosphere,Clayton
ERR133411,rhizosphere,Clayton
ERR133412,rhizosphere,Clayton
ERR133414,rhizosphere,Clayton
ERR133415,rhizosphere,Clayton
ERR133416,rhizosphere,Clayton
ERR133417,rhizosphere,Clayton
ERR133418,rhizosphere,Clayton
ERR133419,rhizosphere,Clayton
ERR133421,rhizosphere,Mason Farm
ERR133444,rhizosphere,Mason Farm
ERR133480,rhizosphere,Mason Farm
ERR133485,rhizosphere,Mason Farm
ERR133488,rhizosphere,Mason Farm
ERR133519,rhizosphere,Mason Farm
ERR133526,rhizosphere,Mason Farm
ERR133546,rhizosphere,Mason Farm
ERR133554,rhizosphere,Mason Farm
ERR133563,rhizosphere,Mason Farm
ERR133572,rhizosphere,Mason Farm
ERR133576,rhizosphere,Mason Farm
ERR133577,rhizosphere,Mason Farm
ERR133584,rhizosphere,Mason Farm
ERR133592,rhizosphere,Mason Farm
ERR133596,rhizosphere,Mason Farm
ERR133597,rhizosphere,Clayton
ERR133641,rhizosphere,Clayton
ERR133642,rhizosphere,Clayton
ERR133643,rhizosphere,Clayton
ERR133644,rhizosphere,Clayton
ERR133646,rhizosphere,Clayton
ERR133647,rhizosphere,Clayton
ERR133648,rhizosphere,Clayton
ERR133649,rhizosphere,Clayton
ERR133650,rhizosphere,Clayton
ERR133651,rhizosphere,Clayton
ERR133652,rhizosphere,Clayton
ERR133653,rhizosphere,Clayton
ERR133654,rhizosphere,Clayton
ERR133656,rhizosphere,Clayton
ERR133657,rhizosphere,Clayton
ERR133658,rhizosphere,Clayton
ERR133659,rhizosphere,Clayton
ERR133660,rhizosphere,Clayton
ERR133661,rhizosphere,Clayton
ERR133662,rhizosphere,Clayton
ERR133663,rhizosphere,Clayton
ERR133664,rhizosphere,Clayton
ERR133666,rhizosphere,Clayton
ERR133667,rhizosphere,Clayton
ERR133668,rhizosphere,Clayton
ERR133669,rhizosphere,Clayton
ERR133670,rhizosphere,Clayton
ERR133671,rhizosphere,Clayton
ERR133673,rhizosphere,Clayton
ERR131919,endosphere,Clayton
ERR131947,endosphere,Mason Farm
ERR131948,endosphere,Mason Farm
ERR131949,endosphere,Mason Farm
ERR131950,endosphere,Mason Farm
ERR131951,endosphere,Mason Farm
ERR131952,endosphere,Mason Farm
ERR131953,endosphere,Mason Farm
ERR131954,endosphere,Mason Farm
ERR131955,endosphere,Mason Farm
ERR131956,endosphere,Mason Farm
ERR131957,endosphere,Mason Farm
ERR131958,endosphere,Mason Farm
ERR131960,endosphere,Mason Farm
ERR131961,endosphere,Mason Farm
ERR131962,endosphere,Mason Farm
ERR131963,endosphere,Mason Farm
ERR131964,endosphere,Mason Farm
ERR131965,endosphere,Mason Farm
ERR131966,endosphere,Mason Farm
ERR131967,endosphere,Mason Farm
ERR131968,endosphere,Mason Farm
ERR131969,endosphere,Mason Farm
ERR131971,endosphere,Mason Farm
ERR131972,endosphere,Mason Farm
ERR131973,endosphere,Mason Farm
ERR131974,endosphere,Mason Farm
ERR131975,endosphere,Mason Farm
ERR131976,endosphere,Mason Farm
ERR131977,endosphere,Mason Farm
ERR131978,endosphere,Mason Farm
ERR131979,endosphere,Mason Farm
ERR131980,endosphere,Mason Farm
ERR131981,endosphere,Mason Farm
ERR131982,endosphere,Mason Farm
ERR131983,endosphere,Mason Farm
ERR131984,endosphere,Mason Farm
ERR131985,endosphere,Mason Farm
ERR131986,endosphere,Mason Farm
ERR131987,endosphere,Mason Farm
ERR131988,endosphere,Mason Farm
ERR131989,endosphere,Mason Farm
ERR131991,endosphere,Mason Farm
ERR131992,endosphere,Mason Farm
ERR131993,endosphere,Mason Farm
ERR131994,endosphere,Mason Farm
ERR131995,endosphere,Mason Farm
ERR131996,endosphere,Mason Farm
ERR131997,endosphere,Mason Farm
ERR131998,endosphere,Mason Farm
ERR131999,endosphere,Mason Farm
ERR132000,endosphere,Mason Farm
ERR132001,endosphere,Mason Farm
ERR132002,endosphere,Mason Farm
ERR132003,endosphere,Mason Farm
ERR132004,endosphere,Mason Farm
ERR132006,endosphere,Mason Farm
ERR132007,endosphere,Mason Farm
ERR132008,endosphere,Mason Farm
ERR132009,endosphere,Mason Farm
ERR132010,endosphere,Mason Farm
ERR132011,endosphere,Mason Farm
ERR132012,endosphere,Mason Farm
ERR132013,endosphere,Mason Farm
ERR132014,endosphere,Mason Farm
ERR132015,endosphere,Mason Farm
ERR132017,endosphere,Clayton
ERR132018,endosphere,Mason Farm
ERR132019,endosphere,Mason Farm
ERR132020,endosphere,Mason Farm
ERR132021,endosphere,Mason Farm
ERR132022,endosphere,Mason Farm
ERR132023,endosphere,Mason Farm
ERR132024,endosphere,Mason Farm
ERR132025,endosphere,Mason Farm
ERR132026,endosphere,Mason Farm
ERR132027,endosphere,Mason Farm
ERR132028,endosphere,Mason Farm
ERR132029,endosphere,Mason Farm
ERR132030,endosphere,Mason Farm
ERR132031,endosphere,Mason Farm
ERR132032,endosphere,Mason Farm
ERR132034,endosphere,Mason Farm
ERR132035,endosphere,Mason Farm
ERR132036,endosphere,Mason Farm
ERR132037,endosphere,Mason Farm
ERR132038,endosphere,Mason Farm
ERR132039,endosphere,Mason Farm
ERR132040,endosphere,Mason Farm
ERR132042,endosphere,Mason Farm
ERR132043,endosphere,Mason Farm
ERR132044,endosphere,Mason Farm
ERR132045,endosphere,Mason Farm
ERR132046,endosphere,Mason Farm
ERR132047,endosphere,Mason Farm
ERR132048,endosphere,Mason Farm
ERR132049,endosphere,Mason Farm
ERR132051,endosphere,Mason Farm
ERR132052,endosphere,Mason Farm
ERR132053,endosphere,Mason Farm
ERR132054,endosphere,Mason Farm
ERR132055,endosphere,Mason Farm
ERR132056,endosphere,Mason Farm
ERR132057,endosphere,Mason Farm
ERR132058,endosphere,Mason Farm
ERR132059,endosphere,Mason Farm
ERR132061,endosphere,Mason Farm
ERR132062,endosphere,Mason Farm
ERR132063,endosphere,Mason Farm
ERR132064,endosphere,Mason Farm
ERR132065,endosphere,Mason Farm
ERR132066,endosphere,Mason Farm
ERR132067,endosphere,Mason Farm
ERR132068,endosphere,Mason Farm
ERR132069,endosphere,Mason Farm
ERR132070,endosphere,Mason Farm
ERR132071,endosphere,Mason Farm
ERR132072,endosphere,Mason Farm
ERR132073,endosphere,Mason Farm
ERR132074,endosphere,Mason Farm
ERR132075,endosphere,Mason Farm
ERR132076,endosphere,Mason Farm
ERR132077,endosphere,Mason Farm
ERR132078,endosphere,Mason Farm
ERR132079,endosphere,Mason Farm
ERR132081,endosphere,Mason Farm
ERR132082,endosphere,Mason Farm
ERR132083,endosphere,Clayton
ERR132084,endosphere,Clayton
ERR132085,endosphere,Clayton
ERR132087,endosphere,Clayton
ERR132088,endosphere,Clayton
ERR132089,endosphere,Clayton
ERR132090,endosphere,Clayton
ERR132091,endosphere,Clayton
ERR132092,endosphere,Clayton
ERR132093,endosphere,Clayton
ERR132094,endosphere,Clayton
ERR132095,endosphere,Clayton
ERR132096,endosphere,Clayton
ERR132097,endosphere,Clayton
ERR132098,endosphere,Clayton
ERR132099,endosphere,Clayton
ERR132100,endosphere,Clayton
ERR132101,endosphere,Clayton
ERR132102,endosphere,Clayton
ERR132103,endosphere,Clayton
ERR132104,endosphere,Clayton
ERR132106,endosphere,Clayton
ERR132107,endosphere,Clayton
ERR132108,endosphere,Clayton
ERR132109,endosphere,Clayton
ERR132110,endosphere,Clayton
ERR132111,endosphere,Clayton
ERR132112,endosphere,Clayton
ERR132114,endosphere,Clayton
ERR132115,endosphere,Clayton
ERR132116,endosphere,Clayton
ERR132117,endosphere,Clayton
ERR132118,endosphere,Clayton
ERR132119,endosphere,Clayton
ERR132121,endosphere,Clayton
ERR132122,endosphere,Clayton
ERR132123,endosphere,Clayton
ERR132124,endosphere,Clayton
ERR132125,endosphere,Clayton
ERR132126,endosphere,Clayton
ERR132127,endosphere,Clayton
ERR132128,endosphere,Clayton
ERR132129,endosphere,Clayton
ERR132130,endosphere,Clayton
ERR132132,endosphere,Clayton
ERR132133,endosphere,Clayton
ERR132134,endosphere,Clayton
ERR132135,endosphere,Clayton
ERR132136,endosphere,Clayton
ERR132137,endosphere,Clayton
ERR132138,endosphere,Clayton
ERR132139,endosphere,Clayton
ERR132141,endosphere,Clayton
ERR132142,endosphere,Clayton
ERR132143,endosphere,Clayton
ERR132144,endosphere,Clayton
ERR132145,endosphere,Clayton
ERR132146,endosphere,Clayton
ERR132147,endosphere,Clayton
ERR132148,endosphere,Clayton
ERR132149,endosphere,Clayton
ERR132150,endosphere,Clayton
ERR132152,endosphere,Clayton
ERR132153,endosphere,Clayton
ERR132154,endosphere,Clayton
ERR132191,endosphere,Mason Farm
ERR132201,endosphere,Mason Farm
ERR132212,endosphere,Mason Farm
ERR132223,endosphere,Mason Farm
ERR132234,endosphere,Mason Farm
ERR132254,endosphere,Mason Farm
ERR132265,endosphere,Mason Farm
ERR132276,endosphere,Mason Farm
ERR132287,endosphere,Mason Farm
ERR132296,endosphere,Mason Farm
ERR132308,endosphere,Mason Farm
ERR132319,endosphere,Mason Farm
ERR132330,endosphere,Mason Farm
ERR132340,endosphere,Mason Farm
ERR132350,endosphere,Mason Farm
ERR132356,endosphere,Mason Farm
ERR132357,endosphere,Mason Farm
ERR132358,endosphere,Mason Farm
ERR132361,endosphere,Mason Farm
ERR132368,endosphere,Mason Farm
ERR132369,endosphere,Mason Farm
ERR132370,endosphere,Mason Farm
ERR132372,endosphere,Mason Farm
ERR132381,endosphere,Mason Farm
ERR132382,endosphere,Mason Farm
ERR132383,endosphere,Mason Farm
ERR132384,endosphere,Mason Farm
ERR132386,endosphere,Mason Farm
ERR132387,endosphere,Mason Farm
ERR132389,endosphere,Mason Farm
ERR132400,endosphere,Mason Farm
ERR132408,endosphere,Mason Farm
ERR132409,endosphere,Mason Farm
ERR132410,endosphere,Mason Farm
ERR132411,endosphere,Mason Farm
ERR132412,endosphere,Mason Farm
ERR132413,endosphere,Mason Farm
ERR132414,endosphere,Mason Farm
ERR132415,endosphere,Mason Farm
ERR132416,endosphere,Mason Farm
ERR132417,endosphere,Mason Farm
ERR132418,endosphere,Mason Farm
ERR132419,endosphere,Mason Farm
ERR132420,endosphere,Mason Farm
ERR132421,endosphere,Mason Farm
ERR132422,endosphere,Mason Farm
ERR132423,endosphere,Mason Farm
ERR132424,endosphere,Mason Farm
ERR132425,endosphere,Mason Farm
ERR132426,endosphere,Mason Farm
ERR132427,endosphere,Mason Farm
ERR132428,endosphere,Mason Farm
ERR132429,endosphere,Mason Farm
ERR132430,endosphere,Mason Farm
ERR132431,endosphere,Mason Farm
ERR132432,endosphere,Mason Farm
ERR132433,endosphere,Mason Farm
ERR132434,endosphere,Mason Farm
ERR132435,endosphere,Mason Farm
ERR132436,endosphere,Mason Farm
ERR132437,endosphere,Mason Farm
ERR132438,endosphere,Mason Farm
ERR132439,endosphere,Mason Farm
ERR132440,endosphere,Mason Farm
ERR132441,endosphere,Mason Farm
ERR132442,endosphere,Mason Farm
ERR132444,endosphere,Mason Farm
ERR132445,endosphere,Mason Farm
ERR132446,endosphere,Mason Farm
ERR132447,endosphere,Mason Farm
ERR132448,endosphere,Mason Farm
ERR132449,endosphere,Mason Farm
ERR132450,endosphere,Mason Farm
ERR132451,endosphere,Mason Farm
ERR132452,endosphere,Mason Farm
ERR132453,endosphere,Mason Farm
ERR132454,endosphere,Mason Farm
ERR132455,endosphere,Mason Farm
ERR132456,endosphere,Mason Farm
ERR132457,endosphere,Mason Farm
ERR132458,endosphere,Mason Farm
ERR132459,endosphere,Mason Farm
ERR132460,endosphere,Mason Farm
ERR132461,endosphere,Mason Farm
ERR132463,endosphere,Mason Farm
ERR132464,endosphere,Mason Farm
ERR132465,endosphere,Mason Farm
ERR132466,endosphere,Mason Farm
ERR132467,endosphere,Mason Farm
ERR132468,endosphere,Mason Farm
ERR132469,endosphere,Mason Farm
ERR132470,endosphere,Mason Farm
ERR132471,endosphere,Clayton
ERR132472,endosphere,Clayton
ERR132473,endosphere,Clayton
ERR132474,endosphere,Clayton
ERR132475,endosphere,Clayton
ERR132476,endosphere,Clayton
ERR132477,endosphere,Clayton
ERR132478,endosphere,Clayton
ERR132479,endosphere,Clayton
ERR132480,endosphere,Clayton
ERR132481,endosphere,Mason Farm
ERR132482,endosphere,Clayton
ERR132483,endosphere,Clayton
ERR132484,endosphere,Clayton
ERR132485,endosphere,Clayton
ERR132486,endosphere,Clayton
ERR132487,endosphere,Clayton
ERR132488,endosphere,Clayton
ERR132489,endosphere,Clayton
ERR132490,endosphere,Clayton
ERR132491,endosphere,Mason Farm
ERR132492,endosphere,Mason Farm
ERR132493,endosphere,Mason Farm
ERR132494,endosphere,Mason Farm
ERR132495,endosphere,Mason Farm
ERR132496,endosphere,Mason Farm
ERR132497,endosphere,Mason Farm
ERR132498,endosphere,Mason Farm
ERR132499,endosphere,Mason Farm
ERR132500,endosphere,Mason Farm
ERR132501,endosphere,Mason Farm
ERR132502,endosphere,Mason Farm
ERR132503,endosphere,Mason Farm
ERR132504,endosphere,Mason Farm
ERR132505,endosphere,Mason Farm
ERR132506,endosphere,Mason Farm
ERR132507,endosphere,Mason Farm
ERR132508,endosphere,Mason Farm
ERR132509,endosphere,Mason Farm
ERR132510,endosphere,Mason Farm
ERR132511,endosphere,Mason Farm
ERR132512,endosphere,Mason Farm
ERR132513,endosphere,Mason Farm
ERR132514,endosphere,Mason Farm
ERR132515,endosphere,Mason Farm
ERR133126,endosphere,Mason Farm
ERR133135,endosphere,Mason Farm
ERR133176,endosphere,Mason Farm
ERR133188,endosphere,Mason Farm
ERR133229,endosphere,Mason Farm
ERR133240,endosphere,Mason Farm
ERR133390,endosphere,Clayton
ERR133402,endosphere,Clayton
ERR133420,endosphere,Clayton
ERR133422,endosphere,Clayton
ERR133423,endosphere,Mason Farm
ERR133424,endosphere,Mason Farm
ERR133425,endosphere,Mason Farm
ERR133426,endosphere,Mason Farm
ERR133427,endosphere,Mason Farm
ERR133428,endosphere,Mason Farm
ERR133429,endosphere,Mason Farm
ERR133430,endosphere,Mason Farm
ERR133431,endosphere,Mason Farm
ERR133432,endosphere,Mason Farm
ERR133433,endosphere,Mason Farm
ERR133434,endosphere,Mason Farm
ERR133435,endosphere,Mason Farm
ERR133436,endosphere,Mason Farm
ERR133437,endosphere,Mason Farm
ERR133438,endosphere,Mason Farm
ERR133439,endosphere,Mason Farm
ERR133440,endosphere,Mason Farm
ERR133441,endosphere,Mason Farm
ERR133442,endosphere,Mason Farm
ERR133443,endosphere,Mason Farm
ERR133445,endosphere,Mason Farm
ERR133446,endosphere,Mason Farm
ERR133447,endosphere,Mason Farm
ERR133448,endosphere,Mason Farm
ERR133449,endosphere,Mason Farm
ERR133450,endosphere,Mason Farm
ERR133451,endosphere,Mason Farm
ERR133452,endosphere,Mason Farm
ERR133453,endosphere,Mason Farm
ERR133454,endosphere,Mason Farm
ERR133455,endosphere,Mason Farm
ERR133456,endosphere,Mason Farm
ERR133457,endosphere,Mason Farm
ERR133458,endosphere,Mason Farm
ERR133459,endosphere,Mason Farm
ERR133460,endosphere,Mason Farm
ERR133461,endosphere,Mason Farm
ERR133463,endosphere,Mason Farm
ERR133464,endosphere,Mason Farm
ERR133465,endosphere,Mason Farm
ERR133466,endosphere,Mason Farm
ERR133467,endosphere,Mason Farm
ERR133468,endosphere,Mason Farm
ERR133469,endosphere,Mason Farm
ERR133470,endosphere,Mason Farm
ERR133471,endosphere,Mason Farm
ERR133472,endosphere,Mason Farm
ERR133473,endosphere,Mason Farm
ERR133474,endosphere,Mason Farm
ERR133475,endosphere,Mason Farm
ERR133476,endosphere,Mason Farm
ERR133477,endosphere,Mason Farm
ERR133478,endosphere,Mason Farm
ERR133479,endosphere,Mason Farm
ERR133481,endosphere,Mason Farm
ERR133482,endosphere,Clayton
ERR133483,endosphere,Mason Farm
ERR133486,endosphere,Clayton
ERR133487,endosphere,Clayton
ERR133489,endosphere,Clayton
ERR133490,endosphere,Clayton
ERR133491,endosphere,Clayton
ERR133492,endosphere,Clayton
ERR133493,endosphere,Clayton
ERR133494,endosphere,Clayton
ERR133495,endosphere,Clayton
ERR133496,endosphere,Clayton
ERR133497,endosphere,Mason Farm
ERR133498,endosphere,Clayton
ERR133499,endosphere,Clayton
ERR133500,endosphere,Clayton
ERR133501,endosphere,Clayton
ERR133502,endosphere,Clayton
ERR133503,endosphere,Mason Farm
ERR133504,endosphere,Clayton
ERR133505,endosphere,Clayton
ERR133506,endosphere,Clayton
ERR133507,endosphere,Clayton
ERR133508,endosphere,Clayton
ERR133509,endosphere,Clayton
ERR133510,endosphere,Clayton
ERR133511,endosphere,Clayton
ERR133513,endosphere,Clayton
ERR133514,endosphere,Clayton
ERR133515,endosphere,Clayton
ERR133516,endosphere,Clayton
ERR133517,endosphere,Clayton
ERR133518,endosphere,Clayton
ERR133520,endosphere,Clayton
ERR133521,endosphere,Clayton
ERR133522,endosphere,Clayton
ERR133523,endosphere,Clayton
ERR133524,endosphere,Clayton
ERR133525,endosphere,Clayton
ERR133527,endosphere,Clayton
ERR133528,endosphere,Clayton
ERR133529,endosphere,Mason Farm
ERR133531,endosphere,Clayton
ERR133532,endosphere,Clayton
ERR133533,endosphere,Clayton
ERR133534,endosphere,Clayton
ERR133535,endosphere,Clayton
ERR133536,endosphere,Mason Farm
ERR133537,endosphere,Clayton
ERR133538,endosphere,Clayton
ERR133539,endosphere,Clayton
ERR133540,endosphere,Clayton
ERR133541,endosphere,Clayton
ERR133542,endosphere,Clayton
ERR133543,endosphere,Clayton
ERR133544,endosphere,Clayton
ERR133545,endosphere,Clayton
ERR133547,endosphere,Clayton
ERR133548,endosphere,Clayton
ERR133549,endosphere,Clayton
ERR133550,endosphere,Clayton
ERR133551,endosphere,Clayton
ERR133552,endosphere,Clayton
ERR133553,endosphere,Clayton
ERR133555,endosphere,Clayton
ERR133556,endosphere,Clayton
ERR133557,endosphere,Clayton
ERR133558,endosphere,Clayton
ERR133559,endosphere,Clayton
ERR133560,endosphere,Clayton
ERR133561,endosphere,Clayton
ERR133562,endosphere,Clayton
ERR133564,endosphere,Clayton
ERR133565,endosphere,Clayton
ERR133566,endosphere,Clayton
ERR133567,endosphere,Clayton
ERR133568,endosphere,Clayton
ERR133569,endosphere,Clayton
ERR133570,endosphere,Clayton
ERR133571,endosphere,Clayton
ERR133573,endosphere,Clayton
ERR133574,endosphere,Clayton
ERR133575,endosphere,Clayton
ERR133578,endosphere,Clayton
ERR133579,endosphere,Clayton
ERR133580,endosphere,Clayton
ERR133581,endosphere,Clayton
ERR133582,endosphere,Clayton
ERR133583,endosphere,Clayton
ERR133585,endosphere,Clayton
ERR133586,endosphere,Clayton
ERR133587,endosphere,Clayton
ERR133588,endosphere,Clayton
ERR133589,endosphere,Clayton
ERR133590,endosphere,Clayton
ERR133591,endosphere,Clayton
ERR133593,endosphere,Clayton
ERR133594,endosphere,Clayton
ERR133595,endosphere,Clayton
ERR133598,endosphere,Clayton
ERR133599,endosphere,Clayton
ERR133600,endosphere,Clayton
ERR133601,endosphere,Clayton
ERR133602,endosphere,Clayton
ERR133603,endosphere,Clayton
ERR133604,endosphere,Clayton
ERR133605,endosphere,Clayton
ERR133606,endosphere,Clayton
ERR133607,endosphere,Clayton
ERR133608,endosphere,Clayton
ERR133609,endosphere,Clayton
ERR133611,endosphere,Clayton
ERR133612,endosphere,Clayton
ERR133613,endosphere,Clayton
ERR133614,endosphere,Clayton
ERR133615,endosphere,Clayton
ERR133616,endosphere,Clayton
ERR133617,endosphere,Clayton
ERR133618,endosphere,Clayton
ERR133620,endosphere,Clayton
ERR133621,endosphere,Clayton
ERR133622,endosphere,Clayton
ERR133623,endosphere,Clayton
ERR133624,endosphere,Clayton
ERR133625,endosphere,Clayton
ERR133626,endosphere,Clayton
ERR133627,endosphere,Clayton
ERR133628,endosphere,Clayton
ERR133630,endosphere,Clayton
ERR133631,endosphere,Clayton
ERR133632,endosphere,Clayton
ERR133633,endosphere,Clayton
ERR133634,endosphere,Clayton
ERR133635,endosphere,Clayton
ERR133636,endosphere,Clayton
ERR133637,endosphere,Clayton
ERR133638,endosphere,Clayton
ERR133674,endosphere,:North Carolina Area[GAZ::00082924]:
ERR133675,endosphere,:North Carolina Area[GAZ::00082924]:
ERR133676,endosphere,:North Carolina Area[GAZ::00082924]:
ERR133677,endosphere,:North Carolina Area[GAZ::00082924]:
ERR131823,bulk soil,Clayton
ERR131824,bulk soil,Clayton
ERR131825,bulk soil,Clayton
ERR131826,bulk soil,Clayton
ERR131827,bulk soil,Clayton
ERR131828,bulk soil,Clayton
ERR131829,bulk soil,Clayton
ERR131830,bulk soil,Clayton
ERR131831,bulk soil,Clayton
ERR131832,bulk soil,Clayton
ERR131833,bulk soil,Mason Farm
ERR131907,bulk soil,Clayton
ERR131908,bulk soil,Clayton
ERR131909,bulk soil,Clayton
ERR131911,bulk soil,Clayton
ERR131912,bulk soil,Clayton
ERR131913,bulk soil,Clayton
ERR131914,bulk soil,Clayton
ERR131915,bulk soil,Clayton
ERR132155,bulk soil,Mason Farm
ERR132156,bulk soil,Mason Farm
ERR132157,bulk soil,Mason Farm
ERR132158,bulk soil,Mason Farm
ERR132159,bulk soil,Mason Farm
ERR132161,bulk soil,Mason Farm
ERR132162,bulk soil,Mason Farm
ERR132163,bulk soil,Mason Farm
ERR132164,bulk soil,Mason Farm
ERR132165,bulk soil,Mason Farm
ERR132248,bulk soil,Mason Farm
ERR132249,bulk soil,Mason Farm
ERR132250,bulk soil,Mason Farm
ERR132251,bulk soil,Mason Farm
ERR132252,bulk soil,Mason Farm
ERR132253,bulk soil,Mason Farm
ERR132255,bulk soil,Mason Farm
ERR132256,bulk soil,Mason Farm
ERR132257,bulk soil,Mason Farm
ERR132258,bulk soil,Mason Farm
ERR132335,bulk soil,Mason Farm
ERR132336,bulk soil,Mason Farm
ERR132337,bulk soil,Mason Farm
ERR132338,bulk soil,Mason Farm
ERR132339,bulk soil,Mason Farm
ERR132341,bulk soil,Mason Farm
ERR132342,bulk soil,Mason Farm
ERR132343,bulk soil,Mason Farm
ERR132344,bulk soil,Mason Farm
ERR132345,bulk soil,Mason Farm
ERR132359,bulk soil,Mason Farm
ERR132360,bulk soil,Mason Farm
ERR132362,bulk soil,Mason Farm
ERR132363,bulk soil,Mason Farm
ERR132364,bulk soil,Mason Farm
ERR132365,bulk soil,Mason Farm
ERR132366,bulk soil,Mason Farm
ERR132367,bulk soil,Mason Farm
ERR132371,bulk soil,Mason Farm
ERR132385,bulk soil,Mason Farm
ERR132388,bulk soil,Mason Farm
ERR132390,bulk soil,Mason Farm
ERR132391,bulk soil,Mason Farm
ERR132392,bulk soil,Mason Farm
ERR132393,bulk soil,Mason Farm
ERR132394,bulk soil,Mason Farm
ERR132395,bulk soil,Mason Farm
ERR132396,bulk soil,Mason Farm
ERR132397,bulk soil,Mason Farm
ERR132398,bulk soil,Mason Farm
ERR132399,bulk soil,Mason Farm
ERR132401,bulk soil,Mason Farm
ERR132520,bulk soil,Mason Farm
ERR133136,bulk soil,Mason Farm
ERR133137,bulk soil,Mason Farm
ERR133138,bulk soil,Mason Farm
ERR133139,bulk soil,Mason Farm
ERR133140,bulk soil,Mason Farm
ERR133141,bulk soil,Mason Farm
ERR133142,bulk soil,Mason Farm
ERR133143,bulk soil,Mason Farm
ERR133144,bulk soil,Mason Farm
ERR133145,bulk soil,Mason Farm
ERR133146,bulk soil,Mason Farm
ERR133177,bulk soil,Clayton
ERR133198,bulk soil,Mason Farm
ERR133263,bulk soil,Clayton
ERR133264,bulk soil,Clayton
ERR133265,bulk soil,Clayton
ERR133266,bulk soil,Clayton
ERR133267,bulk soil,Clayton
ERR133268,bulk soil,Clayton
ERR133269,bulk soil,Clayton
ERR133270,bulk soil,Clayton
ERR133271,bulk soil,Clayton
ERR133272,bulk soil,Clayton
ERR133358,bulk soil,Clayton
ERR133359,bulk soil,Clayton
ERR133360,bulk soil,Clayton
ERR133361,bulk soil,Clayton
ERR133362,bulk soil,Clayton
ERR133363,bulk soil,Clayton
ERR133364,bulk soil,Clayton
ERR133365,bulk soil,Clayton
ERR133366,bulk soil,Clayton
ERR133367,bulk soil,Clayton
ERR133368,bulk soil,Clayton
ERR133413,bulk soil,Clayton
ERR133462,bulk soil,Mason Farm
ERR133484,bulk soil,Mason Farm
ERR133512,bulk soil,Mason Farm
ERR133530,bulk soil,Clayton
ERR133610,bulk soil,Mason Farm
ERR133619,bulk soil,Mason Farm
ERR133629,bulk soil,Mason Farm
ERR133639,bulk soil,Mason Farm
ERR133640,bulk soil,Mason Farm
ERR133645,bulk soil,Mason Farm
ERR133655,bulk soil,Mason Farm
ERR133665,bulk soil,Mason Farm
ERR133672,bulk soil,Mason Farm
